"forras","operativ_program","program","varos","nyertes","leiras","datum","osszeg","Jogallas","Megye","Kisterseg","Lako_nepesseg","roma_onkormanyzat","tipus"
"KEHOP-5.2.9-16","KEHOP","Pályázatos épületenergetikai felhívás a közép-magyarországi régió települési önkormányzatai számára","Acsa","ACSA KÖZSÉG ÖNKORMÁNYZATA","Épületenergetikai fejlesztés Acsa községben",2017-02-22,115.734338,"község","Pest","Váci","1381","van","nem_hatranyos_helyzetu"
"GINOP-7.1.2-15","GINOP","Aktív turisztikai hálózatok infrastruktúrájának fejlesztése","Balatonfüred","Kerékpáros Magyarország Szövetség ","Balatoni Kerékpáros Turisztikai Hálózat, attrakciók és megállóhelyek kialakítása – 1. ütem",2017-03-03,654.066492,"város","Veszprém","Balatonfüredi","13082","nincs","nem_hatranyos_helyzetu"
"KEHOP-2.1.3-15","KEHOP","Felhívás az ammónium-ionnal érintett ivóvízminőség-javító projektek megvalósítására","Beleg","NFP Nemzeti Fejlesztési Programiroda Nonprofit Korlátolt Felelősségű Társaság","Beleg Község ivóvízminőség-javítása",2017-03-16,339.999997,"község","Somogy","Nagyatádi","599","van","HH"
"VP-4-10.1.1.-15.","VP","Agrár-környezetvédelmi és éghajlattal kapcsolatos kifizetések","Bezi","Bősze Kornél"," Agrár-környezetgazdálkodási kifizetés",2017-03-08,17.905175,"község","Győr-Moson-Sopron","Győri","523","nincs","nem_hatranyos_helyzetu"
"KEHOP-1.5.0-15","KEHOP","Dombvidéki vízgazdálkodás fejlesztése","Bicske","Országos Vízügyi Főigazgatóság","Szent László-patak rehabilitációja",2017-02-27,1500,"város","Fejér","Bicskei","11984","van","nem_hatranyos_helyzetu"
"TOP-5.1.2-15-FE1","TOP","Helyi foglalkoztatási együttműködések","Bicske","FEJÉR MEGYEI KORMÁNYHIVATAL","Helyi foglalkoztatási együttműködések Bicske járásban",2017-03-14,185.006614,"város","Fejér","Bicskei","11984","van","nem_hatranyos_helyzetu"
"KEHOP-3.2.1-15","KEHOP","Az előkezelés, a hasznosítás és az ártalmatlanítás alrendszereinek fejlesztése a települési hulladék vonatkozásában","Bodrogkeresztúr","NFP Nemzeti Fejlesztési Programiroda Nonprofit Korlátolt Felelősségű Társaság","Komplex hulladékgazdálkodási rendszer fejlesztése az Abaúj-Zempléni Szilárdhulladék Gazdálkodási Önkormányzati Társulás és a Hernád Völgye és Térsége Szilárdhulladék-kezelési Önkormányzati Társulás területén",2017-03-10,1599.999992,"község","Borsod-Abaúj-Zemplén","Tokaji","1099","nincs","LHHK"
"KEHOP-2.2.1-15","KEHOP","Felhívás szennyvízelvezetés és -tisztítás, szennyvízkezelés megvalósítására","Budakalász","NFP Nemzeti Fejlesztési Programiroda Nonprofit Korlátolt Felelősségű Társaság","Budakalász szennyvízhálózatának fejlesztése",2015-10-19,388.55734,"város","Pest","Szentendrei","10673","nincs","nem_hatranyos_helyzetu"
"KÖFOP-1.0.0-VEKOP-15","KÖFOP","Az adminisztratív terhek csökkentése","Budapest","Magyar Nemzeti Vagyonkezelő Zártkörűen működő Részvénytársaság","Az egységes integrált állami vagyonnyilvántartás közhitelességének és adatkonzisztenciájának ellenőrzéséhez szükséges további fejlesztések",2016-07-29,2580,"főváros ","Pest","","1759407","van","nem_hatranyos_helyzetu"
"EFOP-1.9.4-VEKOP-16","EFOP","A szociális ágazat módszertani és információs rendszereinek megújítása","Budapest","NEMZETI REHABILITÁCIÓS ÉS SZOCIÁLIS HIVATAL","EFOP-1.9.4-VEKOP-16 A SZOCIÁLIS ÁGAZAT MÓDSZERTANI ÉS INFORMÁCIÓS RENDSZEREINEK MEGÚJÍTÁSA ",2017-02-07,5800,"főváros ","Pest","","1759407","van","nem_hatranyos_helyzetu"
"KEHOP-5.2.9-16","KEHOP","Pályázatos épületenergetikai felhívás a közép-magyarországi régió települési önkormányzatai számára","Budapest","BUDAPEST FŐVÁROS VII. KER. ERZSÉBETVÁROS ÖNKORMÁNYZATA","Épületenergetikai felújítások Budapest Főváros VII. ker. Erzsébetváros intézményein a KEHOP-5.2.9-16 pályázati konstrukció keretében",2017-02-21,166.214811,"főváros ","Pest","","1759407","van","nem_hatranyos_helyzetu"
"KEHOP-5.2.9-16","KEHOP","Pályázatos épületenergetikai felhívás a közép-magyarországi régió települési önkormányzatai számára","Budapest","BUDAPEST FŐVÁROS X. KERÜLET KŐBÁNYAI ÖNKORMÁNYZAT","A Kőbányai Rece-Fice Óvoda és Csillagfürt Bölcsőde energetikai megújítása",2017-02-21,68.811111,"főváros ","Pest","","1759407","van","nem_hatranyos_helyzetu"
"KEHOP-5.2.9-16","KEHOP","Pályázatos épületenergetikai felhívás a közép-magyarországi régió települési önkormányzatai számára","Budapest","BUDAPEST FŐVÁROS III. KERÜLETI  ÓBUDA-BÉKÁSMEGYER ÖNKORMÁNYZAT","Óbudai óvodák és rendelőintézet energetikai korszerűsítése a KEHOP-5.2.9 pályázati kiírás keretében",2017-03-17,131.371,"főváros ","Pest","","1759407","van","nem_hatranyos_helyzetu"
"KEHOP-5.2.9-16","KEHOP","Pályázatos épületenergetikai felhívás a közép-magyarországi régió települési önkormányzatai számára","Budapest","BUDAPEST FŐVÁROS XX. KERÜLET PESTERZSÉBET ÖNKORMÁNYZATA","Önkormányzati intézmények épületeinek energiahatékonysági korszerűsítése Pesterzsébeten",2017-03-17,103.300093,"főváros ","Pest","","1759407","van","nem_hatranyos_helyzetu"
"KEHOP-5.2.10-16","KEHOP","Költségvetési szervek pályázatos épületenergetikai fejlesztései","Budapest","BUDAPESTI RENDŐR-FŐKAPITÁNYSÁG","Energiahatékonysági beruházás a Budapesti Rendőr-főkapitányság Budapest, Fogarasi út 28-54. sz. alatti szállóépületén",2017-03-20,205.977128,"főváros ","Pest","","1759407","van","nem_hatranyos_helyzetu"
"KEHOP-5.2.10-16","KEHOP","Költségvetési szervek pályázatos épületenergetikai fejlesztései","Budapest","BUDAPESTI RENDŐR-FŐKAPITÁNYSÁG","Energiahatékonysági beruházás a Budapesti Rendőr-főkapitányság Budapest, Fóti út 52. sz. alatti szállóépületén",2017-03-20,64.461071,"főváros ","Pest","","1759407","van","nem_hatranyos_helyzetu"
"TOP-5.1.2-15-BS1","TOP","Helyi foglalkoztatási együttműködések","Békéscsaba","MEZŐKOVÁCSHÁZA VÁROS  ÖNKORMÁNYZATA","Helyi foglalkoztatási együttműködés kialakítása a Mezőkovácsházi járásban",2017-03-20,400,"megyeszékhely, megyei jogú város","Békés","Békéscsabai","60126","van","nem_hatranyos_helyzetu"
"TOP-5.1.2-15-BS1","TOP","Helyi foglalkoztatási együttműködések","Békéscsaba","BÉKÉS MEGYEI KORMÁNYHIVATAL","HELYI FOGLALKOZTATÁSI EGYÜTTMŰKÖDÉSEK A SZARVASI JÁRÁSBAN",2017-03-20,300,"megyeszékhely, megyei jogú város","Békés","Békéscsabai","60126","van","nem_hatranyos_helyzetu"
"TOP-5.1.2-15-BS1","TOP","Helyi foglalkoztatási együttműködések","Békéscsaba","BÉKÉS MEGYEI KORMÁNYHIVATAL","Helyi foglalkoztatási együttműködés a Szeghalmi járásban",2017-03-20,300,"megyeszékhely, megyei jogú város","Békés","Békéscsabai","60126","van","nem_hatranyos_helyzetu"
"GINOP-2.1.1-15","GINOP","Vállalatok K+F+I tevékenységének támogatása","Bélmegyer","FATE Faipari Termékgyártó és Forgalmazó Korlátolt Felelősségü Társaság","Kártevőmentesítési és famodifikálási kutatás, biocid faanyagvédelmi technológia fejlesztése",2017-03-01,255.33995,"község","Békés","Békési","951","nincs","LHH"
"GINOP-2.1.1-15","GINOP","Vállalatok K+F+I tevékenységének támogatása","Bélmegyer","FATE Faipari Termékgyártó és Forgalmazó Korlátolt Felelősségü Társaság","Kártevőmentesítési és famodifikálási kutatás, biocid faanyagvédelmi technológia fejlesztése",2017-03-01,255.33995,"község","Békés","Békési","951","nincs","LHH"
"GINOP-2.1.1-15","GINOP","Vállalatok K+F+I tevékenységének támogatása","Bélmegyer","FATE Faipari Termékgyártó és Forgalmazó Korlátolt Felelősségü Társaság","Kártevőmentesítési és famodifikálási kutatás, biocid faanyagvédelmi technológia fejlesztése",2017-03-01,255.33995,"község","Békés","Békési","951","nincs","LHH"
"GINOP-2.1.1-15","GINOP","Vállalatok K+F+I tevékenységének támogatása","Bócsa","Kologarn Korlátolt Felelősségű Társaság","Metagenomikai alapon optimalizált, termesztéstechnológia-specifikus szerves talajkondicionálók kifejlesztése",2017-02-16,632.891148,"község","Bács-Kiskun","Kiskőrösi","1823","nincs","HH"
"KEHOP-5.2.9-16","KEHOP","Pályázatos épületenergetikai felhívás a közép-magyarországi régió települési önkormányzatai számára","Cegléd","CEGLÉD VÁROS ÖNKORMÁNYZATA","Épületenergetikai felújítások Cegléd Város intézményein a KEHOP-5.2.9-16 pályázati konstrukció keretében",2017-02-21,248.117545,"város","Pest","Ceglédi","35616","van","nem_hatranyos_helyzetu"
"VP-4-10.1.1.-15.","VP","Agrár-környezetvédelmi és éghajlattal kapcsolatos kifizetések","Cserkeszőlő","Bogarasi Mezőgazdasági Termelő, Kereskedelmi és Szolgáltató Kft."," Agrár-környezetgazdálkodási kifizetés",2017-03-08,12.718423,"község","Jász-Nagykun-Szolnok","Kunszentmártoni","2236","nincs","LHH"
"GINOP-1.2.1-14","GINOP","Mikro-, kis- és középvállalkozások termelési kapacitásainak bővítése","Csibrák","Hinek Károly EV.","Technológiafejlesztés Hinek Károly egyéni vállalkozónál",2017-01-03,41.703468,"község","Tolna","Dombóvári","292","nincs","HH"
"KEHOP-2.1.3-15","KEHOP","Felhívás az ammónium-ionnal érintett ivóvízminőség-javító projektek megvalósítására","Csonkamindszent","NFP Nemzeti Fejlesztési Programiroda Nonprofit Korlátolt Felelősségű Társaság","Csonkamindszent község ivóvízminőség-javító programja",2017-03-13,40,"község","Baranya","Szentlőrinci","151","nincs","HH"
"KEHOP-5.2.9-16","KEHOP","Pályázatos épületenergetikai felhívás a közép-magyarországi régió települési önkormányzatai számára","Csömör","CSÖMÖR NAGYKÖZSÉG ÖNKORMÁNYZATA","Csömör település középületeinek energiahatékonysági felújítása a KEHOP 5.2.9. kószámú pályázat keretében",2017-02-21,248.676959,"nagyközség","Pest","Gödöllői","9303","nincs","nem_hatranyos_helyzetu"
"KEHOP-5.2.10-16","KEHOP","Költségvetési szervek pályázatos épületenergetikai fejlesztései","Debrecen","DEBRECENI EGYETEM","Debreceni Egyetem Klinikai Központ Nővérszálló épületek épületenergetikai korszerűsítése",2017-03-20,165.575242,"megyeszékhely, megyei jogú város","Hajdú-Bihar","Debreceni","203059","van","nem_hatranyos_helyzetu"
"GINOP-1.2.2-15","GINOP","Mikro-kis és középvállalkozások kapacitásbővítő beruházásainak támogatása","Debrecen","Ravella Korlátolt Felelősségű Társaság","Kapacitásbővítő beruházás megvalósítása a Ravella Kft-nél",2017-04-13,18.23465,"megyeszékhely, megyei jogú város","Hajdú-Bihar","Debreceni","203059","van","nem_hatranyos_helyzetu"
"TOP-5.2.1-15-TL1","TOP","A társadalmi együttműködés erősítését szolgáló helyi szintű komplex programok","Dombóvár","Dombóvár Város Önkormányzata","A dombóvári Mászlony szegregátumban élők társadalmi integrációjának helyi szintű komplex programja",2017-03-14,42.34987,"város","Tolna","Dombóvári","18461","van","HH"
"KEHOP-5.2.9-16","KEHOP","Pályázatos épületenergetikai felhívás a közép-magyarországi régió települési önkormányzatai számára","Dánszentmiklós","DÁNSZENTMIKLÓS KÖZSÉG ÖNKORMÁNYZATA","Ady Endre Általános Iskola és a Művelődési és Sportház épületenergetikai projektje",2017-03-17,249.386185,"község","Pest","Ceglédi","2920","nincs","nem_hatranyos_helyzetu"
"KEHOP-5.2.9-16","KEHOP","Pályázatos épületenergetikai felhívás a közép-magyarországi régió települési önkormányzatai számára","Dány","DÁNY KÖZSÉG ÖNKORMÁNYZATA","Dány Község Általános Iskolájának és Orvosi rendelőinek épületengetikai projektje",2017-03-17,128.754092,"község","Pest","Gödöllői","4433","nincs","nem_hatranyos_helyzetu"
"KEHOP-5.2.9-16","KEHOP","Pályázatos épületenergetikai felhívás a közép-magyarországi régió települési önkormányzatai számára","Dömsöd","DÖMSÖD NAGYKÖZSÉG ÖNKORMÁNYZATA","Épületenergetikai korszerűsítés Dömsöd Nagyközség Önkormányzatának épületein",2017-02-21,247.748728,"nagyközség","Pest","Ráckevei","5594","van","nem_hatranyos_helyzetu"
"KEHOP-5.2.9-16","KEHOP","Pályázatos épületenergetikai felhívás a közép-magyarországi régió települési önkormányzatai számára","Ecser","ECSER NAGYKÖZSÉG ÖNKORMÁNYZATA","Épületenergetikai felújítások Ecser Nagyközség intézményein a KEHOP-5.2.9-16 pályázati konstrukció keretében",2017-02-21,198.260162,"nagyközség","Pest","Vecsési","3714","nincs","nem_hatranyos_helyzetu"
"KEHOP-2.1.3-15","KEHOP","Felhívás az ammónium-ionnal érintett ivóvízminőség-javító projektek megvalósítására","Enying","NFP Nemzeti Fejlesztési Programiroda Nonprofit Korlátolt Felelősségű Társaság","Enying Város ivóvízminőségjavítása",2017-02-28,189.999999,"város","Fejér","Enyingi","6651","van","HH"
"TOP-5.1.2-15-FE1","TOP","Helyi foglalkoztatási együttműködések","Enying","FEJÉR MEGYEI KORMÁNYHIVATAL","Helyi foglalkoztatási együttműködések Enying járásban",2017-03-14,250.0136,"város","Fejér","Enyingi","6651","van","HH"
"KEHOP-3.2.1-15","KEHOP","Az előkezelés, a hasznosítás és az ártalmatlanítás alrendszereinek fejlesztése a települési hulladék vonatkozásában","Felgyő","NFP Nemzeti Fejlesztési Programiroda Nonprofit Korlátolt Felelősségű Társaság","Komplex hulladékgazdálkodási rendszer fejlesztése a Homokhátság területén, különös tekintettel az elkülönített hulladékgyűjtési, szállítási és előkezelő rendszerre",2017-03-01,1819.999982,"község","Csongrád","Csongrádi","1181","nincs","HH"
"KEHOP-5.2.9-16","KEHOP","Pályázatos épületenergetikai felhívás a közép-magyarországi régió települési önkormányzatai számára","Gyömrő","GYÖMRŐ VÁROS ÖNKORMÁNYZATA","Épületenergetikai felújítások Gyömrő Város intézményein a KEHOP-5.2.9-16 pályázati konstrukció keretében",2017-02-21,247.631321,"város","Pest","Monori","17236","nincs","nem_hatranyos_helyzetu"
"KEHOP-2.2.2-15","KEHOP","Felhívás a fejlesztési kötelezettséggel rendelkező települések számára szennyvízelvezetéssel és -kezeléssel kapcsolatos fejlesztések megvalósítására","Gyömrő","NFP Nemzeti Fejlesztési Programiroda Nonprofit Korlátolt Felelősségű Társaság","Gyömrő szennyvízelvezetése",2017-02-28,370,"város","Pest","Monori","17236","nincs","nem_hatranyos_helyzetu"
"KEHOP-3.2.1-15","KEHOP","Az előkezelés, a hasznosítás és az ártalmatlanítás alrendszereinek fejlesztése a települési hulladék vonatkozásában","Győr","NFP Nemzeti Fejlesztési Programiroda Nonprofit Korlátolt Felelősségű Társaság","Komplex hulladékgazdálkodási rendszer fejlesztése a Győr Nagytérségi Hulladékgazdálkodási Önkormányzati Társulás területén, különös tekintettel az elkülönített hulladékgyűjtési, szállítási és előkezelő rendszerre",2017-03-10,1099.999995,"megyeszékhely, megyei jogú város","Győr-Moson-Sopron","Győri","129568","van","nem_hatranyos_helyzetu"
"TOP-5.1.2-15-GM1","TOP","Helyi foglalkoztatási együttműködések","Győr","CSORNA VÁROS ÖNKORMÁNYZATA","Csornai foglalkoztatási paktum",2017-03-14,195,"megyeszékhely, megyei jogú város","Győr-Moson-Sopron","Győri","129568","van","nem_hatranyos_helyzetu"
"KÖFOP-1.2.1-VEKOP-16","KÖFOP","Csatlakoztatási konstrukció az önkormányzati ASP rendszer országos kiterjesztéséhez ","Hajdúbagos","HAJDÚBAGOS KÖZSÉG ÖNKORMÁNYZATA","HAJDÚBAGOS KÖZSÉG ÖNKORMÁNYZATA ASP KÖZPONTHOZ VALÓ CSATLAKOZÁSA",2017-03-16,5.969468,"község","Hajdú-Bihar","Derecskei","1949","van","LHH"
"GINOP-2.1.1-15","GINOP","Vállalatok K+F+I tevékenységének támogatása","Hatvan","C3D Műszaki Tanácsadó Korlátolt Felelősségű Társaság","Alacsony hőmérsékleten üzemelő Stirling- motor kifejlesztése a C3D Műszaki tanácsadó Kft.-nél",2017-03-01,65.403352,"város","Heves","Hatvani","20250","van","nem_hatranyos_helyzetu"
"GINOP-2.1.1-15","GINOP","Vállalatok K+F+I tevékenységének támogatása","Hatvan","PSI Európa Biztonsági és Szolgáltató Korlátolt Felelősségű Társaság","Integrált Vagyonvédelmi és Biztonsági Rendszer kifejlesztése",2017-03-01,72.013795,"város","Heves","Hatvani","20250","van","nem_hatranyos_helyzetu"
"GINOP-2.1.1-15","GINOP","Vállalatok K+F+I tevékenységének támogatása","Hatvan","C3D Műszaki Tanácsadó Korlátolt Felelősségű Társaság","Alacsony hőmérsékleten üzemelő Stirling- motor kifejlesztése a C3D Műszaki tanácsadó Kft.-nél",2017-03-01,65.403352,"város","Heves","Hatvani","20250","van","nem_hatranyos_helyzetu"
"GINOP-2.1.1-15","GINOP","Vállalatok K+F+I tevékenységének támogatása","Hatvan","C3D Műszaki Tanácsadó Korlátolt Felelősségű Társaság","Alacsony hőmérsékleten üzemelő Stirling- motor kifejlesztése a C3D Műszaki tanácsadó Kft.-nél",2017-03-01,65.403352,"város","Heves","Hatvani","20250","van","nem_hatranyos_helyzetu"
"GINOP-2.1.1-15","GINOP","Vállalatok K+F+I tevékenységének támogatása","Hatvan","PSI Európa Biztonsági és Szolgáltató Korlátolt Felelősségű Társaság","Integrált Vagyonvédelmi és Biztonsági Rendszer kifejlesztése",2017-03-01,72.013795,"város","Heves","Hatvani","20250","van","nem_hatranyos_helyzetu"
"GINOP-2.1.1-15","GINOP","Vállalatok K+F+I tevékenységének támogatása","Hatvan","PSI Európa Biztonsági és Szolgáltató Korlátolt Felelősségű Társaság","Integrált Vagyonvédelmi és Biztonsági Rendszer kifejlesztése",2017-03-01,72.013795,"város","Heves","Hatvani","20250","van","nem_hatranyos_helyzetu"
"KEHOP-5.2.9-16","KEHOP","Pályázatos épületenergetikai felhívás a közép-magyarországi régió települési önkormányzatai számára","Isaszeg","ISASZEG VÁROS ÖNKORMÁNYZAT","Épületenergetikai felújítások Isaszeg Város intézményein a KEHOP-5.2.9-16 pályázati konstrukció keretében",2017-02-21,247.761605,"város","Pest","Gödöllői","11264","van","nem_hatranyos_helyzetu"
"KEHOP-5.2.9-16","KEHOP","Pályázatos épületenergetikai felhívás a közép-magyarországi régió települési önkormányzatai számára","Jászkarajenő","JÁSZKARAJENŐ KÖZSÉG ÖNKORMÁNYZAT","Épületenergetikai felújítások Jászkarajenő Község intézményein a KEHOP-5.2.9-16 pályázati konstrukció keretében",2017-02-21,247.936145,"község","Pest","Ceglédi","2673","van","nem_hatranyos_helyzetu"
"GINOP-2.1.1-15","GINOP","Vállalatok K+F+I tevékenységének támogatása","Kecskemét","HETECH TREND Mérnöki Iroda Korlátolt Felelősségű Társaság","Piaci igényeken alapuló univerzális magtisztító, valamint finomtisztító  és osztályozó gépcsalád kifejlesztése a HETECH TREND KFT –nél.",2016-08-25,73.406531,"megyeszékhely, megyei jogú város","Bács-Kiskun","Kecskeméti","111724","van","nem_hatranyos_helyzetu"
"GINOP-2.1.1-15","GINOP","Vállalatok K+F+I tevékenységének támogatása","Kecskemét","HETECH TREND Mérnöki Iroda Korlátolt Felelősségű Társaság","Piaci igényeken alapuló univerzális magtisztító, valamint finomtisztító  és osztályozó gépcsalád kifejlesztése a HETECH TREND KFT –nél.",2016-08-25,73.406531,"megyeszékhely, megyei jogú város","Bács-Kiskun","Kecskeméti","111724","van","nem_hatranyos_helyzetu"
"KEHOP-3.2.1-15","KEHOP","Az előkezelés, a hasznosítás és az ártalmatlanítás alrendszereinek fejlesztése a települési hulladék vonatkozásában","Kerepes","NFP Nemzeti Fejlesztési Programiroda Nonprofit Korlátolt Felelősségű Társaság","Komplex hulladékgazdálkodási rendszer fejlesztése Észak-Kelet Pest és Nógrád Megyei Regionális Hulladékgazdálkodási ésKörnyezetvédelmi Önkormányzati Társulás területén",2017-03-10,1199.999988,"város","Pest","Gödöllői","9904","van","nem_hatranyos_helyzetu"
"KEHOP-3.2.1-15","KEHOP","Az előkezelés, a hasznosítás és az ártalmatlanítás alrendszereinek fejlesztése a települési hulladék vonatkozásában","Királyszentistván","NFP Nemzeti Fejlesztési Programiroda Nonprofit Korlátolt Felelősségű Társaság","Komplex hulladékgazdálkodási rendszer fejlesztése az észak-balatoni közszolgáltatási területen, különös tekintettel az elkülönített hulladékgyűjtési, szállítási és előkezelő rendszerre",2017-03-10,2599.999973,"község","Veszprém","Balatonalmádi","482","nincs","nem_hatranyos_helyzetu"
"KEHOP-2.1.2-15","KEHOP","Felhívás egyes, derogációval érintett ivóvízminőség-javító projektek megvalósítására","Kisláng","NFP Nemzeti Fejlesztési Programiroda Nonprofit Korlátolt Felelősségű Társaság","Kisláng település ivóvízminőség-javítása",2017-02-22,130,"község","Fejér","Enyingi","2425","van","HH"
"KEHOP-5.2.9-16","KEHOP","Pályázatos épületenergetikai felhívás a közép-magyarországi régió települési önkormányzatai számára","Kocsér","KOCSÉR KÖZSÉG ÖNKORMÁNYZATA","Tündérkert Óvoda Konyha és Általános Iskola épület energiahatékonysági projektje",2017-03-17,84.14832,"község","Pest","Nagykőrösi","1832","nincs","nem_hatranyos_helyzetu"
"KEHOP-5.2.9-16","KEHOP","Pályázatos épületenergetikai felhívás a közép-magyarországi régió települési önkormányzatai számára","Kóka","KÓKA KÖZSÉG ÖNKORMÁNYZATA","Berki Krisztián Sportcsarnok épületének energetikai felújítása Kóka településen.",2017-02-21,153.74493,"község","Pest","Nagykátai","4306","van","nem_hatranyos_helyzetu"
"KEHOP-5.2.9-16","KEHOP","Pályázatos épületenergetikai felhívás a közép-magyarországi régió települési önkormányzatai számára","Kőröstetétlen","KŐRÖSTETÉTLEN KÖZSÉG ÖNKORMÁNYZAT","Energiahatékonysági beruházás a kőröstetétleni intézményeknél",2017-03-17,102.563422,"község","Pest","Ceglédi","828","nincs","nem_hatranyos_helyzetu"
"KÖFOP-1.2.1-VEKOP-16","KÖFOP","Csatlakoztatási konstrukció az önkormányzati ASP rendszer országos kiterjesztéséhez ","Ludányhalászi","LUDÁNYHALÁSZI KÖZSÉGI ÖNKORMÁNYZAT","LUDÁNYHALÁSZI KÖZSÉGI ÖNKORMÁNYZAT ASP KÖZPONTHOZ VALÓ CSATLAKOZÁSA",2017-03-16,6,"község","Nógrád","Szécsényi","1430","van","LHH"
"KEHOP-5.2.9-16","KEHOP","Pályázatos épületenergetikai felhívás a közép-magyarországi régió települési önkormányzatai számára","Maglód","MAGLÓD VÁROS ÖNKORMÁNYZATA","Maglód Város Önkormányzati épületeinek energiahatékonysági felújítása",2017-03-17,245.101665,"város","Pest","Vecsési","12037","van","nem_hatranyos_helyzetu"
"KEHOP-2.1.3-15","KEHOP","Felhívás az ammónium-ionnal érintett ivóvízminőség-javító projektek megvalósítására","Magyarkeszi","NFP Nemzeti Fejlesztési Programiroda Nonprofit Korlátolt Felelősségű Társaság","Magyarkeszi település ivóvízminőség-javító program",2017-03-16,294.999998,"község","Tolna","Tamási","1214","van","LHHK"
"KEHOP-2.1.4-15","KEHOP","Felhívás az egyedi, illetve térségi ivóvízminőség-javító rendszerek kiépítésével és a lakosság egészséges ivóvízzel való ellátásához kapcsolódó projektek megvalósításra szakaszolt projektek","Makó","""MAKÓ ÉS TÉRSÉGE"" IVÓVÍZMINŐSÉG-JAVÍTÓ ÖNKORMÁNYZATI TÁRSULÁS","Makó és térsége ivóvízminőség-javító Projekt II.",2017-02-22,470.741787,"város","Csongrád","Makói","22747","van","HH"
"TOP-5.1.2-15-JN1","TOP","Helyi foglalkoztatási együttműködések","Martfű","MARTFŰ VÁROS ÖNKORMÁNYZATA","Szolnoki járás foglalkoztatási paktum",2017-03-14,382.585862,"város","Jász-Nagykun-Szolnok","Szolnoki","6237","nincs","nem_hatranyos_helyzetu"
"KEHOP-5.2.9-16","KEHOP","Pályázatos épületenergetikai felhívás a közép-magyarországi régió települési önkormányzatai számára","Mende","MENDE KÖZSÉG ÖNKORMÁNYZATA","Épületenergetikai felújítások Mende Község intézményein a KEHOP-5.2.9-16 pályázati konstrukció keretében",2017-02-21,239.95877,"község","Pest","Nagykátai","4189","van","nem_hatranyos_helyzetu"
"KEHOP-3.2.1-15","KEHOP","Az előkezelés, a hasznosítás és az ártalmatlanítás alrendszereinek fejlesztése a települési hulladék vonatkozásában","Miskolc","NFP Nemzeti Fejlesztési Programiroda Nonprofit Korlátolt Felelősségű Társaság","Hulladékgazdálkodási rendszer fejlesztése Miskolc Város és térsége területén, különös tekintettel az elkülönített hulladékgyűjtési, szállítási és előkezelő rendszerre",2017-03-10,2199.99999,"megyeszékhely, megyei jogú város","Borsod-Abaúj-Zemplén","Miskolci","158101","van","nem_hatranyos_helyzetu"
"KEHOP-2.2.2-15","KEHOP","Felhívás a fejlesztési kötelezettséggel rendelkező települések számára szennyvízelvezetéssel és -kezeléssel kapcsolatos fejlesztések megvalósítására","Monostorpályi","NFP Nemzeti Fejlesztési Programiroda Nonprofit Korlátolt Felelősségű Társaság","Monostorpályi szennyvízelvezetés fejlesztése II. ütem ",2017-03-16,110.007095,"község","Hajdú-Bihar","Derecskei","2089","nincs","LHH"
"GINOP-2.1.1-15","GINOP","Vállalatok K+F+I tevékenységének támogatása","Mátészalka","NORD-STARKE HOLDING Korlátolt Felelősségű Társaság","Minőségorientált komplex ipari termelési rendszer és modell kifejlesztése, új módosított keményítő kialakítása, illetve új rostalapú feldolgozott termék hasznosításának kutatása",2017-02-16,999.830351,"város","Szabolcs-Szatmár-Bereg","Mátészalkai","16864","van","LHHK"
"TOP-5.1.2-15-FE1","TOP","Helyi foglalkoztatási együttműködések","Mór","FEJÉR MEGYEI KORMÁNYHIVATAL","Helyi foglalkoztatási együttműködések Mór járásban",2017-03-14,201.50254,"város","Fejér","Móri","14010","van","nem_hatranyos_helyzetu"
"KEHOP-5.2.9-16","KEHOP","Pályázatos épületenergetikai felhívás a közép-magyarországi régió települési önkormányzatai számára","Nagykáta","NAGYKÁTA VÁROS ÖNKORMÁNYZATA","Épületenergetikai felújítások Nagykáta Város intézményein a KEHOP-5.2.9-16 pályázati konstrukció keretében",2017-02-21,237.157762,"város","Pest","Nagykátai","12384","van","nem_hatranyos_helyzetu"
"GINOP-2.1.1-15","GINOP","Vállalatok K+F+I tevékenységének támogatása","Nagyszakácsi","TransAgent Szállitmányozó és Szolgáltató Korlátolt Felelősségű Társaság","Kármentesítési földmunkák hatékonyságnövelése matematikai optimalizációs-szimulációs döntéstámogatási rendszer létrehozásával",2017-03-01,99.785402,"község","Somogy","Marcali","414","nincs","HH"
"GINOP-2.1.1-15","GINOP","Vállalatok K+F+I tevékenységének támogatása","Nagyszakácsi","TransAgent Szállitmányozó és Szolgáltató Korlátolt Felelősségű Társaság","Kármentesítési földmunkák hatékonyságnövelése matematikai optimalizációs-szimulációs döntéstámogatási rendszer létrehozásával",2017-03-01,99.785402,"község","Somogy","Marcali","414","nincs","HH"
"GINOP-2.1.1-15","GINOP","Vállalatok K+F+I tevékenységének támogatása","Nagyszakácsi","TransAgent Szállitmányozó és Szolgáltató Korlátolt Felelősségű Társaság","Kármentesítési földmunkák hatékonyságnövelése matematikai optimalizációs-szimulációs döntéstámogatási rendszer létrehozásával",2017-03-01,99.785402,"község","Somogy","Marcali","414","nincs","HH"
"TOP-5.2.1-15-KO1","TOP","A társadalmi együttműködés erősítését szolgáló helyi szintű komplex programok","Oroszlány","OROSZLÁNY VÁROS ÖNKORMÁNYZATA","KAPU – Az Oroszlányi szegregációs folyamatok kezelése",2017-03-14,100,"város","Komárom-Esztergom","Oroszlányi","17983","van","nem_hatranyos_helyzetu"
"KEHOP-5.2.9-16","KEHOP","Pályázatos épületenergetikai felhívás a közép-magyarországi régió települési önkormányzatai számára","Pilis","PILIS VÁROS ÖNKORMÁNYZAT","Pilis Város közintézményeinek energiahatékonysági projektje",2017-03-17,249.887635,"város","Pest","Monori","11518","van","nem_hatranyos_helyzetu"
"KEHOP-5.2.9-16","KEHOP","Pályázatos épületenergetikai felhívás a közép-magyarországi régió települési önkormányzatai számára","Pilisjászfalu","PILISJÁSZFALU KÖZSÉG ÖNKORMÁNYZATA","A pilisjászfalui általános iskola és polgármesteri hivatal épületének energetikai korszerűsítése és napelemes fejlesztése",2017-02-21,69.221275,"község","Pest","Pilisvörösvári","1587","nincs","nem_hatranyos_helyzetu"
"KEHOP-5.2.9-16","KEHOP","Pályázatos épületenergetikai felhívás a közép-magyarországi régió települési önkormányzatai számára","Pécel","PÉCEL VÁROS ÖNKORMÁNYZATA","Épületenergetikai felújítások Pécel Város intézményein a KEHOP-5.2.9-16 pályázati konstrukció keretében",2017-02-21,247.674182,"város","Pest","Gödöllői","15494","van","nem_hatranyos_helyzetu"
"KEHOP-3.2.1-15","KEHOP","Az előkezelés, a hasznosítás és az ártalmatlanítás alrendszereinek fejlesztése a települési hulladék vonatkozásában","Pécs","NFP Nemzeti Fejlesztési Programiroda Nonprofit Korlátolt Felelősségű Társaság","Komplex hulladékgazdálkodási rendszer fejlesztése Pécs város területén, különös tekintettel az elkülönített hulladékgyűjtési, szállítási és előkezelő rendszerre",2017-03-10,1599.999992,"megyeszékhely, megyei jogú város","Baranya","Pécsi","145347","van","nem_hatranyos_helyzetu"
"EFOP-2.2.4-VEKOP-16","EFOP","Területi gyermekvédelmi szakszolgáltatási feladatok infrastrukturális feltételeinek javítása","Pécs","SZOCIÁLIS ÉS GYERMEKVÉDELMI FŐIGAZGATÓSÁG","Területi gyermekvédelmi szakszolgáltatási feladatok infrastrukturális feltételeinek javítása",2017-03-13,992.698656,"megyeszékhely, megyei jogú város","Baranya","Pécsi","145347","van","nem_hatranyos_helyzetu"
"KEHOP-5.2.9-16","KEHOP","Pályázatos épületenergetikai felhívás a közép-magyarországi régió települési önkormányzatai számára","Péteri","PÉTERI KÖZSÉG ÖNKORMÁNYZATA","Épületenergetikai felújítások Péteri Község intézményein a KEHOP-5.2.9-16 pályázati konstrukció keretében",2017-02-21,183.348575,"község","Pest","Monori","2268","nincs","nem_hatranyos_helyzetu"
"KEHOP-2.1.3-15","KEHOP","Felhívás az ammónium-ionnal érintett ivóvízminőség-javító projektek megvalósítására","Rakamaz","NFP Nemzeti Fejlesztési Programiroda Nonprofit Korlátolt Felelősségű Társaság","Rakamaz-Tiszanagyfalu ivóvízminőség-javító program",2017-03-16,129,"város","Szabolcs-Szatmár-Bereg","Nyíregyházi","4338","van","LHH"
"VP-4-10.1.1.-15.","VP","Agrár-környezetvédelmi és éghajlattal kapcsolatos kifizetések","Rábakecöl","Soós Pál"," Agrár-környezetgazdálkodási kifizetés",2017-03-08,28.921308,"község","Győr-Moson-Sopron","Kapuvári","651","nincs","nem_hatranyos_helyzetu"
"KEHOP-3.2.1-15","KEHOP","Az előkezelés, a hasznosítás és az ártalmatlanítás alrendszereinek fejlesztése a települési hulladék vonatkozásában","Sajókaza","NFP Nemzeti Fejlesztési Programiroda Nonprofit Korlátolt Felelősségű Társaság","Komplex hulladékgazdálkodási rendszer fejlesztése a Sajó-Bódva Völgye és Környéke Hulladékkezelési Önkormányzati Társulás területén, különös tekintettel az elkülönített hulladékgyűjtési, szállítási és előkezelő rendszerre",2017-03-10,2199.99999,"község","Borsod-Abaúj-Zemplén","Kazincbarcikai","3094","van","HH"
"TOP-5.1.2-15-NG1","TOP","Helyi foglalkoztatási együttműködések","Salgótarján","Nógrádi Fejlesztési Ügynökség Nonprofit Korlátolt Felelősségű Társaság","""Nógrádi Szabad Vállalkozási Zóna"" helyi foglalkoztatási paktum",2017-03-17,1383.13,"megyeszékhely, megyei jogú város","Nógrád","Salgótarjáni","35188","van","LHH"
"TOP-5.1.2-15-NG1","TOP","Helyi foglalkoztatási együttműködések","Salgótarján","Nógrádi Fejlesztési Ügynökség Nonprofit Korlátolt Felelősségű Társaság","""M2 vonzástérség"" helyi foglalkoztatási paktum",2017-03-17,1005.87,"megyeszékhely, megyei jogú város","Nógrád","Salgótarjáni","35188","van","LHH"
"KEHOP-3.2.1-15","KEHOP","Az előkezelés, a hasznosítás és az ártalmatlanítás alrendszereinek fejlesztése a települési hulladék vonatkozásában","Sopron","NFP Nemzeti Fejlesztési Programiroda Nonprofit Korlátolt Felelősségű Társaság","Komplex hulladékgazdálkodási rendszer fejlesztése a Sopron térségében, különös tekintettel az elkülönített hulladékgyűjtési, szállítási és előkezelő rendszerre",2017-03-10,859.999997,"megyei jogú város","Győr-Moson-Sopron","Soproni","61887","van","nem_hatranyos_helyzetu"
"TOP-5.2.1-15-BK1","TOP","A társadalmi együttműködés erősítését szolgáló helyi szintű komplex programok","Szabadszállás","SZABADSZÁLLÁS VÁROS ÖNKORMÁNYZATA","Komplex programok  Szabadszálláson a társadalmi együttműködés erősítéséért",2017-03-14,116,"város","Bács-Kiskun","Kunszentmiklósi","6116","van","HH"
"KEHOP-5.2.11-16","KEHOP","Fotovoltaikus rendszerek kialakítása központi költségvetési szervek részére","Szeged","CSONGRÁD MEGYEI RENDŐR-FŐKAPITÁNYSÁG","Napelemes rendszerek telepítése a Csongrád Megyei Rendőr-főkapitányság épületein",2017-01-25,134.40918,"megyeszékhely, megyei jogú város","Csongrád","Szegedi","162621","van","nem_hatranyos_helyzetu"
"GINOP-2.1.1-15","GINOP","Vállalatok K+F+I tevékenységének támogatása","Szeged","SZATMÁRI Malom Termelő és Kereskedelmi Korlátolt Felelősségű Társaság","Durum örlési eljárás fejlesztése",2017-03-01,80.88438,"megyeszékhely, megyei jogú város","Csongrád","Szegedi","162621","van","nem_hatranyos_helyzetu"
"GINOP-2.1.1-15","GINOP","Vállalatok K+F+I tevékenységének támogatása","Szeged","SZATMÁRI Malom Termelő és Kereskedelmi Korlátolt Felelősségű Társaság","Durum örlési eljárás fejlesztése",2017-03-01,80.88438,"megyeszékhely, megyei jogú város","Csongrád","Szegedi","162621","van","nem_hatranyos_helyzetu"
"GINOP-2.1.1-15","GINOP","Vállalatok K+F+I tevékenységének támogatása","Szeged","SZATMÁRI Malom Termelő és Kereskedelmi Korlátolt Felelősségű Társaság","Durum örlési eljárás fejlesztése",2017-03-01,80.88438,"megyeszékhely, megyei jogú város","Csongrád","Szegedi","162621","van","nem_hatranyos_helyzetu"
"TOP-5.1.2-15-CS1","TOP","Helyi foglalkoztatási együttműködések","Szeged","Mórahalom Városi Önkormányzat","FOGLALKOZTATÁSI EGYÜTTMŰKÖDÉS MÓRAHALOM TÉRSÉGÉBEN",2017-03-14,474,"megyeszékhely, megyei jogú város","Csongrád","Szegedi","162621","van","nem_hatranyos_helyzetu"
"KEHOP-5.2.9-16","KEHOP","Pályázatos épületenergetikai felhívás a közép-magyarországi régió települési önkormányzatai számára","Szentlőrinckáta","SZENTLŐRINCKÁTA KÖZSÉG ÖNKORMÁNYZATA","Épületenergetikai felújítások Szentlőrinckáta Község intézményein a KEHOP-5.2.9-16 pályázati konstrukció keretében",2017-02-21,115.673392,"község","Pest","Nagykátai","1887","van","nem_hatranyos_helyzetu"
"KEHOP-5.2.9-16","KEHOP","Pályázatos épületenergetikai felhívás a közép-magyarországi régió települési önkormányzatai számára","Szigetcsép","SZIGETCSÉP KÖZSÉGI ÖNKORMÁNYZAT","A Szigetcsépi Általános Iskola energetikai felújítása",2017-02-21,131.738982,"község","Pest","Ráckevei","2293","nincs","nem_hatranyos_helyzetu"
"KEHOP-5.2.9-16","KEHOP","Pályázatos épületenergetikai felhívás a közép-magyarországi régió települési önkormányzatai számára","Szigetújfalu","SZIGETÚJFALU KÖZSÉG ÖNKORMÁNYZATA","A Szigetújfalui Móra Ferenc Általános Iskola és Öregek Napközi Otthona energetikai felújítása",2017-02-22,98.225489,"község","Pest","Ráckevei","1924","nincs","nem_hatranyos_helyzetu"
"KEHOP-3.2.1-15","KEHOP","Az előkezelés, a hasznosítás és az ártalmatlanítás alrendszereinek fejlesztése a települési hulladék vonatkozásában","Szombathely","NFP Nemzeti Fejlesztési Programiroda Nonprofit Korlátolt Felelősségű Társaság","Komplex hulladékgazdálkodási rendszer fejlesztése a Nyugat-dunántúli Regionális Hulladékgazdálkodási Önkormányzati Társulás területén",2017-03-10,859.999997,"megyeszékhely, megyei jogú város","Vas","Szombathelyi","77973","van","nem_hatranyos_helyzetu"
"GINOP-7.1.1-15","GINOP","Nemzeti Kastély- és Várprogram turisztikai célú fejlesztéseinek támogatása","Szécsény","Budavári Ingatlanfejlesztő és Üzemeltető Nonprofit Korlátolt Felelősségű Társaság","A szécsényi Forgách-kastély turisztikai célú fejlesztése",2017-03-01,600,"város","Nógrád","Szécsényi","5883","van","LHH"
"GINOP-2.1.1-15","GINOP","Vállalatok K+F+I tevékenységének támogatása","Székesfehérvár","JÜLLICH GLAS Holding Feldolgozó és Kereskedelmi Zártkörűen működő Részvénytársaság","Gyártástechnológia fejlesztése a Jüllich Glas Holding Zrt-nél",2017-02-16,511.710881,"megyeszékhely, megyei jogú város","Fejér","Székesfehérvári","98207","van","nem_hatranyos_helyzetu"
"KEHOP-1.1.0-15","KEHOP","Vízgazdálkodással és az éghajlatváltozás hatásaival kapcsolatos tervezés, informatikai és monitoring fejlesztés","Székesfehérvár","ORSZÁGOS VÍZÜGYI FŐIGAZGATÓSÁG","A Dunántúli-középhegységi karsztvízszint emelkedése okozta jelenségek állapotrögzítése, a várható emelkedés modellezése ",2017-03-08,400,"megyeszékhely, megyei jogú város","Fejér","Székesfehérvári","98207","van","nem_hatranyos_helyzetu"
"KEHOP-5.2.9-16","KEHOP","Pályázatos épületenergetikai felhívás a közép-magyarországi régió települési önkormányzatai számára","Taksony","TAKSONY NAGYKÖZSÉG ÖNKORMÁNYZATA","Épületenergetikai korszerűsítések Taksony Nagyközség Önkormányzatának épületein",2017-02-21,233.856955,"nagyközség","Pest","Szigetszentmiklósi","6137","van","nem_hatranyos_helyzetu"
"TOP-5.2.1-15-VE1","TOP","A társadalmi együttműködés erősítését szolgáló helyi szintű komplex programok","Tapolca","TAPOLCA  VÁROS ÖNKORMÁNYZATA","A tapolcai szegregátum társadalmi felzárkóztatása",2017-03-17,70,"város","Veszprém","Tapolcai","15459","nincs","nem_hatranyos_helyzetu"
"KEHOP-3.3.0-15","KEHOP","Szennyezett területek kármentesítése","Taszár","HONVÉDELMI MINISZTÉRIUM VÉDELEMGAZDASÁGI HIVATAL","Taszár Repülőtér 'A' és 'B' üzemanyagtelepek kármentesítése",2017-03-13,910,"község","Somogy","Kaposvári","1923","nincs","HH"
"GINOP-2.1.1-15","GINOP","Vállalatok K+F+I tevékenységének támogatása","Terpes","GIRONDE Háztartási és Kozmetikai Termékeket Gyártó és Forgalmazó Korlátolt Felelősségű Társaság","Új kozmetikai termékek kifejlesztése és gyártása a Gironde Kft-nél",2017-03-01,53.190759,"község","Heves","Pétervásárai","216","van","LHH"
"GINOP-2.1.1-15","GINOP","Vállalatok K+F+I tevékenységének támogatása","Terpes","GIRONDE Háztartási és Kozmetikai Termékeket Gyártó és Forgalmazó Korlátolt Felelősségű Társaság","Új kozmetikai termékek kifejlesztése és gyártása a Gironde Kft-nél",2017-03-01,53.190759,"község","Heves","Pétervásárai","216","van","LHH"
"GINOP-2.1.1-15","GINOP","Vállalatok K+F+I tevékenységének támogatása","Terpes","GIRONDE Háztartási és Kozmetikai Termékeket Gyártó és Forgalmazó Korlátolt Felelősségű Társaság","Új kozmetikai termékek kifejlesztése és gyártása a Gironde Kft-nél",2017-03-01,53.190759,"község","Heves","Pétervásárai","216","van","LHH"
"KEHOP-5.2.9-16","KEHOP","Pályázatos épületenergetikai felhívás a közép-magyarországi régió települési önkormányzatai számára","Tápióbicske","TÁPIÓBICSKE KÖZSÉG ÖNKORMÁNYZATA","Épületenergetikai felújítások Tápióbicske Község Földváry Károly Általános Iskola épületein a KEHOP-5.2.9-16 pályázati konstrukció keretében",2017-02-21,128.171387,"község","Pest","Nagykátai","3360","van","nem_hatranyos_helyzetu"
"KEHOP-5.2.9-16","KEHOP","Pályázatos épületenergetikai felhívás a közép-magyarországi régió települési önkormányzatai számára","Tápiószőlős","TÁPIÓSZŐLŐS KÖZSÉG ÖNKORMÁNYZATA","Épületenergetikai korszerűsítés Tápiószőlős Község Önkormányzatának épületein",2017-02-21,132.921797,"község","Pest","Ceglédi","2809","van","nem_hatranyos_helyzetu"
"KEHOP-2.1.3-15","KEHOP","Felhívás az ammónium-ionnal érintett ivóvízminőség-javító projektek megvalósítására","Tápiószőlős","NFP Nemzeti Fejlesztési Programiroda Nonprofit Korlátolt Felelősségű Társaság","Tápiószőlős ivóvízminőség-javító program",2017-03-13,249.4,"község","Pest","Ceglédi","2809","van","nem_hatranyos_helyzetu"
"KEHOP-5.2.9-16","KEHOP","Pályázatos épületenergetikai felhívás a közép-magyarországi régió települési önkormányzatai számára","Tápióság","TÁPIÓSÁG KÖZSÉG ÖNKORMÁNYZATA","Épületenergetikai korszerűsítés Tápióság Község Önkormányzat intézményeinél",2017-03-17,134.8168,"község","Pest","Nagykátai","2566","van","nem_hatranyos_helyzetu"
"TOP-5.2.1-15-GM1","TOP","A társadalmi együttműködés erősítését szolgáló helyi szintű komplex programok","Tét","TÉT VÁROS ÖNKORMÁNYZATA","Tét - Társadalmi együttműködés erősítését szolgáló komplex programok megvalósítása",2017-03-14,39.89565,"város","Győr-Moson-Sopron","Téti","4062","van","nem_hatranyos_helyzetu"
"TOP-5.1.2-15-GM1","TOP","Helyi foglalkoztatási együttműködések","Tét","TÉT VÁROS ÖNKORMÁNYZATA","Helyi foglalkoztatási együttműködések Tét városban",2017-03-14,99.932728,"város","Győr-Moson-Sopron","Téti","4062","van","nem_hatranyos_helyzetu"
"KEHOP-5.2.9-16","KEHOP","Pályázatos épületenergetikai felhívás a közép-magyarországi régió települési önkormányzatai számára","Tóalmás","TÓALMÁS KÖZSÉG ÖNKORMÁNYZAT","Épületenergetikai felújítások Tóalmás Község intézményein a KEHOP-5.2.9-16 pályázati konstrukció keretében",2017-02-21,191.286794,"község","Pest","Nagykátai","3216","van","nem_hatranyos_helyzetu"
"KEHOP-5.2.9-16","KEHOP","Pályázatos épületenergetikai felhívás a közép-magyarországi régió települési önkormányzatai számára","Tököl","TÖKÖL VÁROS ÖNKORMÁNYZATA","Épületenergetikai felújítások Tököl Város intézményein a KEHOP-5.2.9-16 pályázati konstrukció keretében",2017-02-21,248.457888,"város","Pest","Szigetszentmiklósi","10168","nincs","nem_hatranyos_helyzetu"
"KEHOP-5.2.9-16","KEHOP","Pályázatos épületenergetikai felhívás a közép-magyarországi régió települési önkormányzatai számára","Törtel","TÖRTEL KÖZSÉG ÖNKORMÁNYZATA","Épületenergetikai felújítások Törtel Község intézményein a KEHOP-5.2.9-16 pályázati konstrukció keretében",2017-02-21,244.724908,"község","Pest","Ceglédi","4340","van","nem_hatranyos_helyzetu"
"KEHOP-5.2.9-16","KEHOP","Pályázatos épületenergetikai felhívás a közép-magyarországi régió települési önkormányzatai számára","Vecsés","VECSÉS VÁROS ÖNKORMÁNYZATA","Épületenergetikai felújítások Vecsés Város intézményein a KEHOP-5.2.9-16 pályázati konstrukció keretében",2017-02-21,237.316579,"város","Pest","Vecsési","20673","van","nem_hatranyos_helyzetu"
"TOP-5.2.1-15-VE1","TOP","A társadalmi együttműködés erősítését szolgáló helyi szintű komplex programok","Várpalota","VÁRPALOTA VÁROS ÖNKORMÁNYZATA","Társadalmi együttműködést erősítő programok Várpalotán",2017-03-14,100.102728,"város","Veszprém","Várpalotai","19640","van","nem_hatranyos_helyzetu"
"GINOP-1.2.1-15","GINOP","Mikro, kis- és középvállalkozások termelési kapacitásainak bővítése","Vásárosnamény","POLIBET Kereskedelmi és Szolgáltató Korlátolt Felelősségű Társaság","Ajtó – és ablakgyártósor beszerzése a POLIBET Kft. részére",2015-12-22,299.91,"város","Szabolcs-Szatmár-Bereg","Vásárosnaményi","8766","van","LHHK"
"KEHOP-5.2.9-16","KEHOP","Pályázatos épületenergetikai felhívás a közép-magyarországi régió települési önkormányzatai számára","Üllő","ÜLLŐ VÁROS ÖNKORMÁNYZATA","Épületenergetikai felújítások Üllő Város intézményein a KEHOP-5.2.9-16 pályázati konstrukció keretében",2017-02-21,246.184805,"város","Pest","Vecsési","11774","van","nem_hatranyos_helyzetu"
